{
  "knitting": [
    {
      "name": "1 thread → (1)",
      "stats": {
        "kind": "fn",
        "min": 416,
        "max": 152082.99999952316,
        "p25": 3667,
        "p50": 3916.000000476837,
        "p75": 4625,
        "p99": 20708,
        "p999": 62166,
        "avg": 4982.835776775992,
        "ticks": 133623,
        "heap": {
          "_": 133181,
          "total": 749563112,
          "min": 520,
          "max": 599040,
          "avg": 5628.153505379896
        }
      }
    },
    {
      "name": "1 thread → (10)",
      "stats": {
        "kind": "fn",
        "min": 1861.531494140625,
        "max": 4074.45263671875,
        "p25": 2409.29150390625,
        "p50": 2877.492431640625,
        "p75": 3412.17041015625,
        "p99": 4064.382080078358,
        "p999": 4064.382080078358,
        "avg": 2917.0863281250085,
        "ticks": 225280,
        "heap": {
          "_": 8,
          "total": 47123.40234375,
          "min": 2824.16796875,
          "max": 6383.42578125,
          "avg": 5890.42529296875
        }
      }
    },
    {
      "name": "1 thread → (100)",
      "stats": {
        "kind": "fn",
        "min": 14542,
        "max": 194042,
        "p25": 15125,
        "p50": 17000,
        "p75": 32542,
        "p99": 58708,
        "p999": 130667,
        "avg": 23920.423157966605,
        "ticks": 28949,
        "heap": {
          "_": 28860,
          "total": 1496926472,
          "min": 2384,
          "max": 220592,
          "avg": 51868.55412335412
        }
      }
    },
    {
      "name": "1 thread → (1000)",
      "stats": {
        "kind": "fn",
        "min": 154667,
        "max": 650917,
        "p25": 160459,
        "p50": 174292,
        "p75": 357125,
        "p99": 501125,
        "p999": 603750,
        "avg": 246507.87954786766,
        "ticks": 2831,
        "heap": {
          "_": 2787,
          "total": 1393250816,
          "min": 140408,
          "max": 792080,
          "avg": 499910.59059921064
        }
      }
    }
  ],
  "worker": [
    {
      "name": "1 thread → (1)",
      "stats": {
        "kind": "fn",
        "min": 13958,
        "max": 215542,
        "p25": 17542,
        "p50": 18917,
        "p75": 21916,
        "p99": 64041,
        "p999": 129042,
        "avg": 21586.979449029423,
        "ticks": 31726,
        "heap": {
          "_": 31641,
          "total": 162577904,
          "min": 1760,
          "max": 307368,
          "avg": 5138.203723017604
        }
      }
    },
    {
      "name": "1 thread → (10)",
      "stats": {
        "kind": "fn",
        "min": 55959,
        "max": 1741542,
        "p25": 70667,
        "p50": 75625,
        "p75": 83791,
        "p99": 180625,
        "p999": 548416,
        "avg": 82430.20175751812,
        "ticks": 8421,
        "heap": {
          "_": 8400,
          "total": 324586152,
          "min": 7344,
          "max": 167616,
          "avg": 38641.20857142857
        }
      }
    },
    {
      "name": "1 thread → (100)",
      "stats": {
        "kind": "fn",
        "min": 539292,
        "max": 1102792,
        "p25": 614792,
        "p50": 658750.0000009537,
        "p75": 723333,
        "p99": 924750,
        "p999": 1057958.0000019073,
        "avg": 677243.1417475229,
        "ticks": 1030,
        "heap": {
          "_": 1020,
          "total": 360506832,
          "min": 344448,
          "max": 362256,
          "avg": 353438.0705882353
        }
      }
    },
    {
      "name": "1 thread → (1000)",
      "stats": {
        "kind": "fn",
        "min": 6337208,
        "max": 7933332.999998093,
        "p25": 6725042,
        "p50": 6989042,
        "p75": 7387584,
        "p99": 7901375.000001907,
        "p999": 7901375.000001907,
        "avg": 7059791.229166627,
        "ticks": 96,
        "heap": {
          "_": 87,
          "total": 303944096,
          "min": 3468992,
          "max": 3521552,
          "avg": 3493610.2988505745
        }
      }
    }
  ]
}
