{
  "knitting": [
    {
      "name": "1 thread → (1)",
      "stats": {
        "kind": "fn",
        "min": 415.99999952316284,
        "max": 175250,
        "p25": 3458.000000476837,
        "p50": 3541.999999523163,
        "p75": 3708,
        "p99": 17416.999999046326,
        "p999": 25375,
        "avg": 4131.6948010628685,
        "ticks": 160302,
        "heap": {
          "_": 159830,
          "total": 863925192,
          "min": 712,
          "max": 687112,
          "avg": 5405.275555277482
        }
      }
    },
    {
      "name": "1 thread → (10)",
      "stats": {
        "kind": "fn",
        "min": 1620.218994140625,
        "max": 1822.6828613278922,
        "p25": 1675.323486328125,
        "p50": 1686.625,
        "p75": 1695.841552734375,
        "p99": 1820.037841796875,
        "p999": 1820.037841796875,
        "avg": 1688.804470762917,
        "ticks": 401408,
        "heap": {
          "_": 34,
          "total": 168714.16796875,
          "min": 989.1484375,
          "max": 5093.345703125,
          "avg": 4962.181410845588
        }
      }
    },
    {
      "name": "1 thread → (100)",
      "stats": {
        "kind": "fn",
        "min": 13259.7861328125,
        "max": 13604.6650390625,
        "p25": 13350.067138671875,
        "p50": 13431.72216796875,
        "p75": 13580.99365234375,
        "p99": 13591.8681640625,
        "p999": 13591.8681640625,
        "avg": 13440.07145182284,
        "ticks": 36864,
        "heap": {
          "_": 3,
          "total": 12846.10546875,
          "min": 238.11328125,
          "max": 6407.10546875,
          "avg": 4282.03515625
        }
      }
    },
    {
      "name": "1 thread → (1000)",
      "stats": {
        "kind": "fn",
        "min": 129833,
        "max": 500292,
        "p25": 145750,
        "p50": 148541,
        "p75": 150667,
        "p99": 301125,
        "p999": 433208,
        "avg": 162702.5949219662,
        "ticks": 4293,
        "heap": {
          "_": 4247,
          "total": 1606385120,
          "min": 89792,
          "max": 600568,
          "avg": 378239.962326348
        }
      }
    }
  ],
  "worker": [
    {
      "name": "1 thread → (1)",
      "stats": {
        "kind": "fn",
        "min": 13958,
        "max": 209250,
        "p25": 15542,
        "p50": 17416,
        "p75": 18458,
        "p99": 37167,
        "p999": 74500,
        "avg": 17939.376093446925,
        "ticks": 38182,
        "heap": {
          "_": 38080,
          "total": 193258328,
          "min": 88,
          "max": 261200,
          "avg": 5075.061134453782
        }
      }
    },
    {
      "name": "1 thread → (10)",
      "stats": {
        "kind": "fn",
        "min": 56167,
        "max": 1677167,
        "p25": 67208,
        "p50": 73041,
        "p75": 76292,
        "p99": 115542,
        "p999": 534500,
        "avg": 73966.93278740908,
        "ticks": 9403,
        "heap": {
          "_": 9381,
          "total": 359122232,
          "min": 9144,
          "max": 168864,
          "avg": 38281.87101588317
        }
      }
    },
    {
      "name": "1 thread → (100)",
      "stats": {
        "kind": "fn",
        "min": 523417,
        "max": 2165292,
        "p25": 564584,
        "p50": 589166,
        "p75": 607459.0000009537,
        "p99": 777333.0000019073,
        "p999": 990000,
        "avg": 591545.5581001058,
        "ticks": 1179,
        "heap": {
          "_": 1167,
          "total": 408271504,
          "min": 335912,
          "max": 362400,
          "avg": 349847.0471293916
        }
      }
    },
    {
      "name": "1 thread → (1000)",
      "stats": {
        "kind": "fn",
        "min": 5341583,
        "max": 5964500,
        "p25": 5671041,
        "p50": 5777708,
        "p75": 5821125,
        "p99": 5931500,
        "p999": 5937667,
        "avg": 5729816.504201696,
        "ticks": 119,
        "heap": {
          "_": 107,
          "total": 368109560,
          "min": 3409344,
          "max": 3507384,
          "avg": 3440276.261682243
        }
      }
    }
  ]
}
