{
  "knitting large string (1048576 bytes)": [
    {
      "name": "n=1",
      "stats": {
        "kind": "fn",
        "min": 300875,
        "max": 2792125,
        "p25": 319250,
        "p50": 338665.99999952316,
        "p75": 372041,
        "p99": 918458,
        "p999": 2765499.999999523,
        "avg": 384260.28382837237,
        "ticks": 1818,
        "heap": {
          "_": 1700,
          "total": 2343913104,
          "min": 206896,
          "max": 3162888,
          "avg": 1378772.414117647
        }
      }
    },
    {
      "name": "n=10",
      "stats": {
        "kind": "fn",
        "min": 4024458,
        "max": 6269666,
        "p25": 4181959,
        "p50": 4295792,
        "p75": 4722750,
        "p99": 5168292,
        "p999": 5229792,
        "avg": 4448786.2727272725,
        "ticks": 154,
        "heap": {
          "_": 105,
          "total": 1149622152,
          "min": 10941848,
          "max": 11388448,
          "avg": 10948782.4
        }
      }
    },
    {
      "name": "n=100",
      "stats": {
        "kind": "fn",
        "min": 24654542,
        "max": 35947750,
        "p25": 25896208,
        "p50": 28550416,
        "p75": 31056792,
        "p99": 32947959,
        "p999": 32947959,
        "avg": 28550226.285714287,
        "ticks": 21,
        "heap": {
          "_": 19,
          "total": 1764975080,
          "min": 78416,
          "max": 105481776,
          "avg": 92893425.26315789
        }
      }
    }
  ],
  "knitting number f64 (8 bytes)": [
    {
      "name": "n=1",
      "stats": {
        "kind": "fn",
        "min": 500,
        "max": 162542,
        "p25": 583.0000009536743,
        "p50": 625,
        "p75": 667,
        "p99": 7375.000000953674,
        "p999": 30625.000000953674,
        "avg": 1201.3886512996646,
        "ticks": 503670,
        "heap": {
          "_": 503301,
          "total": 1429393928,
          "min": 2328,
          "max": 174760,
          "avg": 2840.037925615089
        }
      }
    },
    {
      "name": "n=10",
      "stats": {
        "kind": "fn",
        "min": 2257.548095703125,
        "max": 3997.843505859375,
        "p25": 2846.842529296875,
        "p50": 3069.2646484375,
        "p75": 3368.03173828125,
        "p99": 3954.87451171875,
        "p999": 3954.87451171875,
        "avg": 3091.7401216947114,
        "ticks": 212992,
        "heap": {
          "_": 30,
          "total": 24713.94921875,
          "min": 2.939453125,
          "max": 6863.529296875,
          "avg": 823.7983072916667
        }
      }
    },
    {
      "name": "n=100",
      "stats": {
        "kind": "fn",
        "min": 15500,
        "max": 184875,
        "p25": 16458,
        "p50": 28083,
        "p75": 31084,
        "p99": 67750,
        "p999": 134125,
        "avg": 25901.62500463697,
        "ticks": 26963,
        "heap": {
          "_": 26886,
          "total": 1405220672,
          "min": 6272,
          "max": 157824,
          "avg": 52265.888268987575
        }
      }
    }
  ],
  "knitting Uint8Array (1048576 bytes)": [
    {
      "name": "n=1",
      "stats": {
        "kind": "fn",
        "min": 144459,
        "max": 2735208,
        "p25": 197250,
        "p50": 228292,
        "p75": 256375,
        "p99": 2625958,
        "p999": 2701041,
        "avg": 291984.30405688076,
        "ticks": 2391,
        "heap": {
          "_": 2315,
          "total": 467544072,
          "min": 29080,
          "max": 1152416,
          "avg": 201962.88207343413
        }
      }
    },
    {
      "name": "n=10",
      "stats": {
        "kind": "fn",
        "min": 1179625,
        "max": 5239417,
        "p25": 1499916,
        "p50": 2558417,
        "p75": 3615042,
        "p99": 4192875,
        "p999": 5011625,
        "avg": 2610178.109022564,
        "ticks": 266,
        "heap": {
          "_": 171,
          "total": 67939896,
          "min": 88,
          "max": 809576,
          "avg": 397309.3333333333
        }
      }
    },
    {
      "name": "n=100",
      "stats": {
        "kind": "fn",
        "min": 13863500,
        "max": 18483667,
        "p25": 14975042,
        "p50": 15677958,
        "p75": 16417250,
        "p99": 17882125,
        "p999": 17882125,
        "avg": 15814365.780487806,
        "ticks": 41,
        "heap": {
          "_": 24,
          "total": 15654344,
          "min": 6240,
          "max": 3270640,
          "avg": 652264.3333333334
        }
      }
    }
  ]
}
