{
  "knitting": [
    {
      "name": "1 thread → (1)",
      "stats": {
        "kind": "fn",
        "min": 1125,
        "max": 127375,
        "p25": 4375,
        "p50": 4584,
        "p75": 5541.999999523163,
        "p99": 22708.999999523163,
        "p999": 50834,
        "avg": 5746.177406789203,
        "ticks": 116805,
        "heap": {
          "_": 116308,
          "total": 856116640,
          "min": 952,
          "max": 546800,
          "avg": 7360.771743990095
        }
      }
    },
    {
      "name": "1 thread → (25)",
      "stats": {
        "kind": "fn",
        "min": 16765.9404296875,
        "max": 18891.7744140625,
        "p25": 16887.09521484375,
        "p50": 17167.226318359375,
        "p75": 17428.395751953125,
        "p99": 17605.21435546875,
        "p999": 17605.21435546875,
        "avg": 17323.505004882853,
        "ticks": 49152,
        "heap": {
          "_": 9,
          "total": 12357.734375,
          "min": 1275.85546875,
          "max": 1572.484375,
          "avg": 1373.0815972222222
        }
      }
    },
    {
      "name": "1 thread → (50)",
      "stats": {
        "kind": "fn",
        "min": 25883.148193359608,
        "max": 28306.3251953125,
        "p25": 26472.941162109375,
        "p50": 27164.98828125,
        "p75": 27256.9580078125,
        "p99": 27517.110107421875,
        "p999": 27517.110107421875,
        "avg": 27060.433247884153,
        "ticks": 49152,
        "heap": {
          "_": 7,
          "total": 15916.052734375,
          "min": 508.37890625,
          "max": 2830.62109375,
          "avg": 2273.7218191964284
        }
      }
    }
  ]
}
{
  "websocket": [
    {
      "name": "local → (1)",
      "stats": {
        "kind": "fn",
        "min": 14500,
        "max": 202542,
        "p25": 17084,
        "p50": 19416,
        "p75": 25292,
        "p99": 77625,
        "p999": 113708,
        "avg": 23398.284677475156,
        "ticks": 29486,
        "heap": {
          "_": 29297,
          "total": 207763400,
          "min": 160,
          "max": 435208,
          "avg": 7091.627129057582
        }
      }
    },
    {
      "name": "local → (25)",
      "stats": {
        "kind": "fn",
        "min": 107500,
        "max": 288458,
        "p25": 125834,
        "p50": 130916,
        "p75": 139458,
        "p99": 221709,
        "p999": 260666,
        "avg": 136889.37218413508,
        "ticks": 5105,
        "heap": {
          "_": 5089,
          "total": 491448024,
          "min": 96000,
          "max": 286504,
          "avg": 96570.6472784437
        }
      }
    },
    {
      "name": "local → (50)",
      "stats": {
        "kind": "fn",
        "min": 183541,
        "max": 399333,
        "p25": 199125,
        "p50": 207500,
        "p75": 226667,
        "p99": 315666,
        "p999": 365708,
        "avg": 217356.6485394643,
        "ticks": 3218,
        "heap": {
          "_": 3198,
          "total": 605190952,
          "min": 188600,
          "max": 444800,
          "avg": 189240.4477798624
        }
      }
    }
  ]
}
{
  "worker": [
    {
      "name": "postMessage → (1)",
      "stats": {
        "kind": "fn",
        "min": 15457.999998092651,
        "max": 242834,
        "p25": 18792.00000190735,
        "p50": 20500.00000190735,
        "p75": 23708.999996185303,
        "p99": 66291.99999809265,
        "p999": 105708.0000038147,
        "avg": 23152.18092894772,
        "ticks": 29647,
        "heap": {
          "_": 29543,
          "total": 187676872,
          "min": 936,
          "max": 171840,
          "avg": 6352.668043191281
        }
      }
    },
    {
      "name": "postMessage → (25)",
      "stats": {
        "kind": "fn",
        "min": 135042.00000190735,
        "max": 1856000,
        "p25": 151333,
        "p50": 159208,
        "p75": 184750,
        "p99": 284208,
        "p999": 827500,
        "avg": 173312.1081013978,
        "ticks": 4024,
        "heap": {
          "_": 4009,
          "total": 386741032,
          "min": 63512,
          "max": 318496,
          "avg": 96468.20453978548
        }
      }
    },
    {
      "name": "postMessage → (50)",
      "stats": {
        "kind": "fn",
        "min": 280042,
        "max": 1937292,
        "p25": 317084,
        "p50": 349416,
        "p75": 387209,
        "p99": 517334,
        "p999": 1044167,
        "avg": 361572.0793157076,
        "ticks": 1929,
        "heap": {
          "_": 1917,
          "total": 362332960,
          "min": 182960,
          "max": 472704,
          "avg": 189010.41210224308
        }
      }
    }
  ]
}
{
  "http": [
    {
      "name": "local → (1)",
      "stats": {
        "kind": "fn",
        "min": 36791,
        "max": 1128292,
        "p25": 54709,
        "p50": 59417,
        "p75": 67208,
        "p99": 151958,
        "p999": 564792,
        "avg": 65987.62617890826,
        "ticks": 10497,
        "heap": {
          "_": 10310,
          "total": 301077864,
          "min": 240,
          "max": 1312728,
          "avg": 29202.508632395733
        }
      }
    },
    {
      "name": "local → (25)",
      "stats": {
        "kind": "fn",
        "min": 628083,
        "max": 1858875,
        "p25": 713084,
        "p50": 748708,
        "p75": 804333,
        "p99": 1706458,
        "p999": 1851083,
        "avg": 786017.3615819209,
        "ticks": 885,
        "heap": {
          "_": 854,
          "total": 492136152,
          "min": 57080,
          "max": 1882864,
          "avg": 576271.8407494145
        }
      }
    },
    {
      "name": "local → (50)",
      "stats": {
        "kind": "fn",
        "min": 1287666,
        "max": 2559042,
        "p25": 1435417,
        "p50": 1532208,
        "p75": 1664375,
        "p99": 2388625,
        "p999": 2507125,
        "avg": 1581552.4462242562,
        "ticks": 437,
        "heap": {
          "_": 419,
          "total": 470611944,
          "min": 110424,
          "max": 2417688,
          "avg": 1123178.8639618137
        }
      }
    }
  ]
}
