{
  "knitting": [
    {
      "name": "1 thread → (1)",
      "stats": {
        "kind": "fn",
        "min": 1374.9999995231628,
        "max": 118333,
        "p25": 4416,
        "p50": 4541,
        "p75": 4834,
        "p99": 18917.000000476837,
        "p999": 38958,
        "avg": 5262.74422845643,
        "ticks": 127219,
        "heap": {
          "_": 126674,
          "total": 936146288,
          "min": 400,
          "max": 528808,
          "avg": 7390.200735746877
        }
      }
    },
    {
      "name": "1 thread → (25)",
      "stats": {
        "kind": "fn",
        "min": 16322.703125,
        "max": 18406.148193359375,
        "p25": 16534.586669921875,
        "p50": 16729.9296875,
        "p75": 17187.103271484375,
        "p99": 17950.032470703125,
        "p999": 17950.032470703125,
        "avg": 16993.287841796875,
        "ticks": 49152,
        "heap": {
          "_": 3,
          "total": 14513.255859375,
          "min": 4644.669921875,
          "max": 4952.572265625,
          "avg": 4837.751953125
        }
      }
    },
    {
      "name": "1 thread → (50)",
      "stats": {
        "kind": "fn",
        "min": 29767.995361328125,
        "max": 31505.89990234375,
        "p25": 29896.016357421875,
        "p50": 30137.227294921875,
        "p75": 30275.5634765625,
        "p99": 30454.396728515625,
        "p999": 30454.396728515625,
        "avg": 30219.64853922526,
        "ticks": 49152,
        "heap": {
          "_": 2,
          "total": 10106.568359375,
          "min": 5049.626953125,
          "max": 5056.94140625,
          "avg": 5053.2841796875
        }
      }
    }
  ]
}
{
  "websocket": [
    {
      "name": "local → (1)",
      "stats": {
        "kind": "fn",
        "min": 14292,
        "max": 194625,
        "p25": 17209,
        "p50": 18500,
        "p75": 21917,
        "p99": 54542,
        "p999": 92208,
        "avg": 20786.74606951331,
        "ticks": 33202,
        "heap": {
          "_": 33001,
          "total": 229951520,
          "min": 2544,
          "max": 388256,
          "avg": 6968.016726765855
        }
      }
    },
    {
      "name": "local → (25)",
      "stats": {
        "kind": "fn",
        "min": 103792,
        "max": 220667,
        "p25": 117583,
        "p50": 129292,
        "p75": 132333,
        "p99": 150959,
        "p999": 208959,
        "avg": 126475.17034358082,
        "ticks": 5530,
        "heap": {
          "_": 5512,
          "total": 532443936,
          "min": 96000,
          "max": 227624,
          "avg": 96597.23076923077
        }
      }
    },
    {
      "name": "local → (50)",
      "stats": {
        "kind": "fn",
        "min": 168958,
        "max": 319833,
        "p25": 211708,
        "p50": 219167,
        "p75": 224584,
        "p99": 243958,
        "p999": 298500,
        "avg": 216375.09913258866,
        "ticks": 3228,
        "heap": {
          "_": 3208,
          "total": 607166944,
          "min": 188600,
          "max": 412032,
          "avg": 189266.5037406484
        }
      }
    }
  ]
}
{
  "worker": [
    {
      "name": "postMessage → (1)",
      "stats": {
        "kind": "fn",
        "min": 14749.999998092651,
        "max": 246458,
        "p25": 17583,
        "p50": 19499.99999809265,
        "p75": 20624.99999809265,
        "p99": 39083,
        "p999": 78834,
        "avg": 19741.464416127616,
        "ticks": 34777,
        "heap": {
          "_": 34668,
          "total": 218239464,
          "min": 904,
          "max": 136992,
          "avg": 6295.127033575632
        }
      }
    },
    {
      "name": "postMessage → (25)",
      "stats": {
        "kind": "fn",
        "min": 137292,
        "max": 1697292,
        "p25": 159958,
        "p50": 166792,
        "p75": 172750,
        "p99": 216125,
        "p999": 702541,
        "avg": 169998.4265171793,
        "ticks": 4103,
        "heap": {
          "_": 4087,
          "total": 391989080,
          "min": 90800,
          "max": 316168,
          "avg": 95911.20137019819
        }
      }
    },
    {
      "name": "postMessage → (50)",
      "stats": {
        "kind": "fn",
        "min": 276834,
        "max": 1844792,
        "p25": 298625,
        "p50": 319167,
        "p75": 328959,
        "p99": 404625,
        "p999": 895125,
        "avg": 321641.11224018474,
        "ticks": 2165,
        "heap": {
          "_": 2152,
          "total": 403797976,
          "min": 180800,
          "max": 471624,
          "avg": 187638.46468401488
        }
      }
    }
  ]
}
{
  "http": [
    {
      "name": "local → (1)",
      "stats": {
        "kind": "fn",
        "min": 42917,
        "max": 964084,
        "p25": 52375,
        "p50": 55500,
        "p75": 59000,
        "p99": 119125,
        "p999": 528041,
        "avg": 58611.25496325082,
        "ticks": 11837,
        "heap": {
          "_": 11647,
          "total": 338123208,
          "min": 256,
          "max": 1071760,
          "avg": 29030.92710569245
        }
      }
    },
    {
      "name": "local → (25)",
      "stats": {
        "kind": "fn",
        "min": 581667,
        "max": 1726667,
        "p25": 642625,
        "p50": 658792,
        "p75": 689500,
        "p99": 1504334,
        "p999": 1711792,
        "avg": 684898.6417322835,
        "ticks": 1016,
        "heap": {
          "_": 986,
          "total": 569228392,
          "min": 47632,
          "max": 1816536,
          "avg": 577310.7423935091
        }
      }
    },
    {
      "name": "local → (50)",
      "stats": {
        "kind": "fn",
        "min": 1212292,
        "max": 2427625,
        "p25": 1329417,
        "p50": 1374750,
        "p75": 1482334,
        "p99": 2287375,
        "p999": 2382250,
        "avg": 1430863.612836439,
        "ticks": 483,
        "heap": {
          "_": 463,
          "total": 524718000,
          "min": 44728,
          "max": 2436864,
          "avg": 1133300.2159827214
        }
      }
    }
  ]
}
