{
  "knitting": [
    {
      "name": "1 thread → (1)",
      "stats": {
        "kind": "fn",
        "min": 333,
        "max": 334583,
        "p25": 791.9999995231628,
        "p50": 792,
        "p75": 834,
        "p99": 1125,
        "p999": 2667,
        "avg": 829.2010852787568,
        "ticks": 663977,
        "heap": {
          "_": 663524,
          "total": 1111122744,
          "min": 496,
          "max": 837768,
          "avg": 1674.5780770552383
        }
      }
    },
    {
      "name": "1 thread → (10)",
      "stats": {
        "kind": "fn",
        "min": 1744.964599609375,
        "max": 1898.529052734375,
        "p25": 1768.320556640625,
        "p50": 1779.744384765625,
        "p75": 1794.840576171875,
        "p99": 1892.88330078125,
        "p999": 1892.88330078125,
        "avg": 1784.3507478133492,
        "ticks": 376832,
        "heap": {
          "_": 34,
          "total": 177380.13671875,
          "min": 5216.595703125,
          "max": 5220.73046875,
          "avg": 5217.062844669118
        }
      }
    },
    {
      "name": "1 thread → (100)",
      "stats": {
        "kind": "fn",
        "min": 13972.076416015625,
        "max": 16841.12548828125,
        "p25": 13983.856201171875,
        "p50": 14024.54638671875,
        "p75": 14166.4833984375,
        "p99": 15623.982666015625,
        "p999": 15623.982666015625,
        "avg": 14497.138142903646,
        "ticks": 49152,
        "heap": {
          "_": 8,
          "total": 45954.75,
          "min": 1704.16796875,
          "max": 6325.275390625,
          "avg": 5744.34375
        }
      }
    },
    {
      "name": "1 thread → (1000)",
      "stats": {
        "kind": "fn",
        "min": 131333,
        "max": 478500,
        "p25": 145625,
        "p50": 146834,
        "p75": 148291,
        "p99": 317000,
        "p999": 444875,
        "avg": 160665.21444901693,
        "ticks": 4374,
        "heap": {
          "_": 4353,
          "total": 1646454816,
          "min": 84872,
          "max": 607424,
          "avg": 378234.5086147484
        }
      }
    }
  ],
  "worker": [
    {
      "name": "1 thread → (1)",
      "stats": {
        "kind": "fn",
        "min": 9663.330078125,
        "max": 10072.550537109375,
        "p25": 9776.214599609375,
        "p50": 9814.168212890625,
        "p75": 9917.724609375,
        "p99": 10026.91650390625,
        "p999": 10026.91650390625,
        "avg": 9855.945417131696,
        "ticks": 57344,
        "heap": {
          "_": 16,
          "total": 25231.392578125,
          "min": 1495.09765625,
          "max": 1727.29296875,
          "avg": 1576.9620361328125
        }
      }
    },
    {
      "name": "1 thread → (10)",
      "stats": {
        "kind": "fn",
        "min": 20738.68798828125,
        "max": 21847.147460937966,
        "p25": 20793.355224609375,
        "p50": 20920.033935547108,
        "p75": 21106.62841796875,
        "p99": 21722.20849609375,
        "p999": 21722.20849609375,
        "avg": 21093.71097819018,
        "ticks": 49152,
        "heap": {
          "_": 9,
          "total": 29745.373046875,
          "min": 1693.43359375,
          "max": 4241.693359375,
          "avg": 3305.041449652778
        }
      }
    },
    {
      "name": "1 thread → (100)",
      "stats": {
        "kind": "fn",
        "min": 110792,
        "max": 2843875,
        "p25": 126917,
        "p50": 131125,
        "p75": 137875,
        "p99": 187042,
        "p999": 1605292,
        "avg": 138071.76186708861,
        "ticks": 5056,
        "heap": {
          "_": 5041,
          "total": 505187752,
          "min": 40896,
          "max": 329472,
          "avg": 100215.78099583415
        }
      }
    },
    {
      "name": "1 thread → (1000)",
      "stats": {
        "kind": "fn",
        "min": 1043292,
        "max": 3356917,
        "p25": 1141666,
        "p50": 1161500,
        "p75": 1192792,
        "p99": 3144916,
        "p999": 3333708,
        "avg": 1199748.7793103447,
        "ticks": 580,
        "heap": {
          "_": 571,
          "total": 548478480,
          "min": 960128,
          "max": 968480,
          "avg": 960557.758318739
        }
      }
    }
  ]
}
