{
  "knitting large string (1048576 bytes)": [
    {
      "name": "n=1",
      "stats": {
        "kind": "fn",
        "min": 1747458,
        "max": 2505708,
        "p25": 1855333,
        "p50": 1903167,
        "p75": 1963875,
        "p99": 2451417,
        "p999": 2478709,
        "avg": 1936582.7910863603,
        "ticks": 359,
        "heap": {
          "_": 337,
          "total": 361112944,
          "min": 561256,
          "max": 1636024,
          "avg": 1071551.762611276
        }
      }
    },
    {
      "name": "n=10",
      "stats": {
        "kind": "fn",
        "min": 6607209,
        "max": 8414041,
        "p25": 6697542,
        "p50": 6740167,
        "p75": 6879709,
        "p99": 7999375,
        "p999": 7999375,
        "avg": 6898181.132653061,
        "ticks": 98,
        "heap": {
          "_": 85,
          "total": 893949744,
          "min": 10515088,
          "max": 10535968,
          "avg": 10517055.811764706
        }
      }
    },
    {
      "name": "n=100",
      "stats": {
        "kind": "fn",
        "min": 77000834,
        "max": 85748667,
        "p25": 78624916,
        "p50": 79337791,
        "p75": 82370833,
        "p99": 84581833,
        "p999": 84581833,
        "avg": 80615006.83333333,
        "ticks": 12,
        "heap": {
          "_": 9,
          "total": 827299464,
          "min": 38662640,
          "max": 105252176,
          "avg": 91922162.66666667
        }
      }
    }
  ],
  "knitting number f64 (8 bytes)": [
    {
      "name": "n=1",
      "stats": {
        "kind": "fn",
        "min": 500,
        "max": 1209375,
        "p25": 584,
        "p50": 792,
        "p75": 1500,
        "p99": 3125,
        "p999": 16416,
        "avg": 1154.6491802568517,
        "ticks": 507842,
        "heap": {
          "_": 507553,
          "total": 1444901024,
          "min": 1696,
          "max": 261856,
          "avg": 2846.798312688527
        }
      }
    },
    {
      "name": "n=10",
      "stats": {
        "kind": "fn",
        "min": 2669.576171875,
        "max": 4257.517578125,
        "p25": 3115.865234375,
        "p50": 3417.24658203125,
        "p75": 3651.580810546875,
        "p99": 4198.313232421875,
        "p999": 4198.313232421875,
        "avg": 3423.256485648777,
        "ticks": 188416,
        "heap": {
          "_": 29,
          "total": 196827.236328125,
          "min": 6777.130859375,
          "max": 6801.880859375,
          "avg": 6787.146080280172
        }
      }
    },
    {
      "name": "n=100",
      "stats": {
        "kind": "fn",
        "min": 16417,
        "max": 239417,
        "p25": 17792,
        "p50": 24042,
        "p75": 32750,
        "p99": 66208,
        "p999": 101417,
        "avg": 27034.809087348218,
        "ticks": 25530,
        "heap": {
          "_": 25504,
          "total": 1324899240,
          "min": 19048,
          "max": 130664,
          "avg": 51948.68412797993
        }
      }
    }
  ],
  "knitting Uint8Array (1048576 bytes)": [
    {
      "name": "n=1",
      "stats": {
        "kind": "fn",
        "min": 231375,
        "max": 3922666,
        "p25": 565417,
        "p50": 1566084,
        "p75": 1772042,
        "p99": 2473250,
        "p999": 3213416,
        "avg": 1298615.067542214,
        "ticks": 533,
        "heap": {
          "_": 516,
          "total": 13426512,
          "min": 9256,
          "max": 885664,
          "avg": 26020.372093023256
        }
      }
    },
    {
      "name": "n=10",
      "stats": {
        "kind": "fn",
        "min": 922708,
        "max": 3245584,
        "p25": 1611333,
        "p50": 2114208,
        "p75": 2237792,
        "p99": 2889666,
        "p999": 3112125,
        "avg": 1926350.7044198895,
        "ticks": 362,
        "heap": {
          "_": 322,
          "total": 8977816,
          "min": 11432,
          "max": 55400,
          "avg": 27881.416149068322
        }
      }
    },
    {
      "name": "n=100",
      "stats": {
        "kind": "fn",
        "min": 10759166,
        "max": 14733667,
        "p25": 11770333,
        "p50": 12423250,
        "p75": 13033791,
        "p99": 14659541,
        "p999": 14659541,
        "avg": 12508411.792452939,
        "ticks": 53,
        "heap": {
          "_": 28,
          "total": 6812456,
          "min": 13232,
          "max": 774440,
          "avg": 243302
        }
      }
    }
  ]
}
