{
  "knitting": [
    {
      "name": "1 thread → (1)",
      "stats": {
        "kind": "fn",
        "min": 1083,
        "max": 387375,
        "p25": 1250,
        "p50": 1292,
        "p75": 1334,
        "p99": 2667,
        "p999": 6666,
        "avg": 1392.0680937262537,
        "ticks": 433432,
        "heap": {
          "_": 432878,
          "total": 1309006360,
          "min": 456,
          "max": 600856,
          "avg": 3023.9613932793995
        }
      }
    },
    {
      "name": "1 thread → (25)",
      "stats": {
        "kind": "fn",
        "min": 11615.997314453125,
        "max": 11970.713134765625,
        "p25": 11655.3955078125,
        "p50": 11716.654541015625,
        "p75": 11751.8818359375,
        "p99": 11933.969970703125,
        "p999": 11933.969970703125,
        "avg": 11752.4755859375,
        "ticks": 45056,
        "heap": {
          "_": 11,
          "total": 17538.634765625,
          "min": 340.037109375,
          "max": 3237.2734375,
          "avg": 1594.4213423295455
        }
      }
    },
    {
      "name": "1 thread → (50)",
      "stats": {
        "kind": "fn",
        "min": 22014.53662109375,
        "max": 28164.530517578125,
        "p25": 22083.943603515625,
        "p50": 22156.90087890625,
        "p75": 23047.627685546875,
        "p99": 23627.044677734375,
        "p999": 23627.044677734375,
        "avg": 22969.552795410156,
        "ticks": 49152,
        "heap": {
          "_": 7,
          "total": 25130.06640625,
          "min": 277.78515625,
          "max": 14982.443359375,
          "avg": 3590.0094866071427
        }
      }
    }
  ]
}
{
  "websocket": [
    {
      "name": "local → (1)",
      "stats": {
        "kind": "fn",
        "min": 13833,
        "max": 542250,
        "p25": 21375,
        "p50": 23125,
        "p75": 24792,
        "p99": 61708,
        "p999": 108667,
        "avg": 24475.26755238331,
        "ticks": 28301,
        "heap": {
          "_": 27899,
          "total": 273463232,
          "min": 184,
          "max": 1225496,
          "avg": 9801.900856661528
        }
      }
    },
    {
      "name": "local → (25)",
      "stats": {
        "kind": "fn",
        "min": 125167,
        "max": 1003333,
        "p25": 144834,
        "p50": 153250,
        "p75": 157291,
        "p99": 193167,
        "p999": 276959,
        "avg": 152236.14913999566,
        "ticks": 4593,
        "heap": {
          "_": 4574,
          "total": 539686712,
          "min": 117688,
          "max": 314328,
          "avg": 117990.09881941408
        }
      }
    },
    {
      "name": "local → (50)",
      "stats": {
        "kind": "fn",
        "min": 245042,
        "max": 1245250,
        "p25": 268125,
        "p50": 281791,
        "p75": 291209,
        "p99": 362666,
        "p999": 506667,
        "avg": 282434.15940274415,
        "ticks": 2478,
        "heap": {
          "_": 2458,
          "total": 572796944,
          "min": 232688,
          "max": 495640,
          "avg": 233033.74450772986
        }
      }
    }
  ]
}
{
  "worker": [
    {
      "name": "postMessage → (1)",
      "stats": {
        "kind": "fn",
        "min": 6875,
        "max": 339625,
        "p25": 8792,
        "p50": 9750,
        "p75": 11666,
        "p99": 17792,
        "p999": 42125,
        "avg": 10484.920853668216,
        "ticks": 64943,
        "heap": {
          "_": 64779,
          "total": 225825776,
          "min": 352,
          "max": 147848,
          "avg": 3486.0954321616573
        }
      }
    },
    {
      "name": "postMessage → (25)",
      "stats": {
        "kind": "fn",
        "min": 48116.80078125,
        "max": 51384.19580078125,
        "p25": 48300.8017578125,
        "p50": 48946.33984375,
        "p75": 50211.24267578125,
        "p99": 50905.2734375,
        "p999": 50905.2734375,
        "avg": 49417.11846923828,
        "ticks": 49152,
        "heap": {
          "_": 8,
          "total": 75457.701171875,
          "min": 6008.025390625,
          "max": 10592.435546875,
          "avg": 9432.212646484375
        }
      }
    },
    {
      "name": "postMessage → (50)",
      "stats": {
        "kind": "fn",
        "min": 67958,
        "max": 3094875,
        "p25": 78167,
        "p50": 81208,
        "p75": 85750,
        "p99": 125625,
        "p999": 2040542,
        "avg": 87421.0050226017,
        "ticks": 7964,
        "heap": {
          "_": 7953,
          "total": 512154400,
          "min": 64096,
          "max": 195344,
          "avg": 64397.636112158936
        }
      }
    }
  ]
}
{
  "http": [
    {
      "name": "local → (1)",
      "stats": {
        "kind": "fn",
        "min": 43875,
        "max": 490375,
        "p25": 52792,
        "p50": 55792,
        "p75": 61542,
        "p99": 143792,
        "p999": 213792,
        "avg": 59979.75019314963,
        "ticks": 11649,
        "heap": {
          "_": 11131,
          "total": 473549728,
          "min": 832,
          "max": 2588768,
          "avg": 42543.322971880334
        }
      }
    },
    {
      "name": "local → (25)",
      "stats": {
        "kind": "fn",
        "min": 780000,
        "max": 1784042,
        "p25": 837875,
        "p50": 917375,
        "p75": 936000,
        "p99": 1036542,
        "p999": 1231417,
        "avg": 898087.0244215939,
        "ticks": 778,
        "heap": {
          "_": 758,
          "total": 527241128,
          "min": 265960,
          "max": 1670992,
          "avg": 695568.7704485488
        }
      }
    },
    {
      "name": "local → (50)",
      "stats": {
        "kind": "fn",
        "min": 1548917,
        "max": 2307083,
        "p25": 1673084,
        "p50": 1818250,
        "p75": 1844292,
        "p99": 1981917,
        "p999": 2104583,
        "avg": 1769142.699745547,
        "ticks": 393,
        "heap": {
          "_": 375,
          "total": 517182008,
          "min": 973832,
          "max": 1734880,
          "avg": 1379152.0213333333
        }
      }
    }
  ]
}
