{
  "knitting": [
    {
      "name": "1 thread → (1)",
      "stats": {
        "kind": "fn",
        "min": 1083,
        "max": 1273125,
        "p25": 1292,
        "p50": 2041,
        "p75": 2333,
        "p99": 6209,
        "p999": 28041,
        "avg": 2075.5564443980875,
        "ticks": 305141,
        "heap": {
          "_": 304659,
          "total": 949369000,
          "min": 256,
          "max": 1044816,
          "avg": 3116.169225264968
        }
      }
    },
    {
      "name": "1 thread → (25)",
      "stats": {
        "kind": "fn",
        "min": 14715.179443359375,
        "max": 17936.553955078125,
        "p25": 15297.505615234375,
        "p50": 15948.160888671875,
        "p75": 16654.449462890625,
        "p99": 16838.99951171875,
        "p999": 16838.99951171875,
        "avg": 16062.298258463541,
        "ticks": 49152,
        "heap": {
          "_": 6,
          "total": 19824.845703125,
          "min": 3108.046875,
          "max": 4125.7265625,
          "avg": 3304.1409505208335
        }
      }
    },
    {
      "name": "1 thread → (50)",
      "stats": {
        "kind": "fn",
        "min": 28916.168212890625,
        "max": 32615.336181640625,
        "p25": 29164.41845703125,
        "p50": 29907.012939453125,
        "p75": 30874.725341796875,
        "p99": 31531.26025390625,
        "p999": 31531.26025390625,
        "avg": 30250.97314453125,
        "ticks": 49152,
        "heap": {
          "_": 6,
          "total": 33519.607421875,
          "min": 4562.52734375,
          "max": 7435.3046875,
          "avg": 5586.601236979167
        }
      }
    }
  ]
}
{
  "websocket": [
    {
      "name": "local → (1)",
      "stats": {
        "kind": "fn",
        "min": 12833,
        "max": 482542,
        "p25": 22333,
        "p50": 24375,
        "p75": 27167,
        "p99": 76125,
        "p999": 126417,
        "avg": 27189.447038970215,
        "ticks": 25481,
        "heap": {
          "_": 25070,
          "total": 253319544,
          "min": 392,
          "max": 777736,
          "avg": 10104.489190267252
        }
      }
    },
    {
      "name": "local → (25)",
      "stats": {
        "kind": "fn",
        "min": 132417,
        "max": 1107458,
        "p25": 160583,
        "p50": 179250,
        "p75": 194334,
        "p99": 257666,
        "p999": 323209,
        "avg": 180447.96590028415,
        "ticks": 3871,
        "heap": {
          "_": 3855,
          "total": 459707544,
          "min": 118552,
          "max": 348656,
          "avg": 119249.68715953307
        }
      }
    },
    {
      "name": "local → (50)",
      "stats": {
        "kind": "fn",
        "min": 249416,
        "max": 1498750,
        "p25": 303167,
        "p50": 335417,
        "p75": 357834,
        "p99": 441833,
        "p999": 482583,
        "avg": 334187.97705544933,
        "ticks": 2092,
        "heap": {
          "_": 2075,
          "total": 487679656,
          "min": 234352,
          "max": 496768,
          "avg": 235026.34024096385
        }
      }
    }
  ]
}
{
  "worker": [
    {
      "name": "postMessage → (1)",
      "stats": {
        "kind": "fn",
        "min": 7333,
        "max": 372917.00000190735,
        "p25": 8999.999998092651,
        "p50": 9583,
        "p75": 11333.999998092651,
        "p99": 29833.999996185303,
        "p999": 76959.00000190735,
        "avg": 10936.328224111376,
        "ticks": 62110,
        "heap": {
          "_": 61974,
          "total": 217320152,
          "min": 328,
          "max": 199848,
          "avg": 3506.6342659825086
        }
      }
    },
    {
      "name": "postMessage → (25)",
      "stats": {
        "kind": "fn",
        "min": 51735.697509765625,
        "max": 53562.347412109375,
        "p25": 52251.40380859375,
        "p50": 52478.190185546875,
        "p75": 52670.69482421875,
        "p99": 53081.7158203125,
        "p999": 53081.7158203125,
        "avg": 52546.606282552086,
        "ticks": 49152,
        "heap": {
          "_": 8,
          "total": 80146.201171875,
          "min": 5547.18359375,
          "max": 11035.87890625,
          "avg": 10018.275146484375
        }
      }
    },
    {
      "name": "postMessage → (50)",
      "stats": {
        "kind": "fn",
        "min": 67042,
        "max": 3894375,
        "p25": 76166,
        "p50": 81584,
        "p75": 93959,
        "p99": 195083,
        "p999": 2368792,
        "avg": 94089.49316181449,
        "ticks": 7385,
        "heap": {
          "_": 7376,
          "total": 486457880,
          "min": 65696,
          "max": 197112,
          "avg": 65951.44793926248
        }
      }
    }
  ]
}
{
  "http": [
    {
      "name": "local → (1)",
      "stats": {
        "kind": "fn",
        "min": 40875,
        "max": 514583,
        "p25": 53084,
        "p50": 58042,
        "p75": 64417,
        "p99": 156958,
        "p999": 255125,
        "avg": 63530.33621474067,
        "ticks": 10990,
        "heap": {
          "_": 10541,
          "total": 448635792,
          "min": 200,
          "max": 2605336,
          "avg": 42561.02760648895
        }
      }
    },
    {
      "name": "local → (25)",
      "stats": {
        "kind": "fn",
        "min": 855208,
        "max": 1993333,
        "p25": 908875,
        "p50": 947959,
        "p75": 995625,
        "p99": 1149208,
        "p999": 1305083,
        "avg": 961107.6694214876,
        "ticks": 726,
        "heap": {
          "_": 707,
          "total": 493224016,
          "min": 191800,
          "max": 1484312,
          "avg": 697629.4427157001
        }
      }
    },
    {
      "name": "local → (50)",
      "stats": {
        "kind": "fn",
        "min": 1719334,
        "max": 2426000,
        "p25": 1815917,
        "p50": 1880875,
        "p75": 1937750,
        "p99": 2190333,
        "p999": 2416209,
        "avg": 1885819.519021739,
        "ticks": 368,
        "heap": {
          "_": 352,
          "total": 485903048,
          "min": 712248,
          "max": 2055704,
          "avg": 1380406.3863636365
        }
      }
    }
  ]
}
