{
  "knitting": [
    {
      "name": "1 thread → (1)",
      "stats": {
        "kind": "fn",
        "min": 332.99999952316284,
        "max": 1192875,
        "p25": 709,
        "p50": 1000,
        "p75": 1208,
        "p99": 2083,
        "p999": 14250,
        "avg": 1043.6193340584268,
        "ticks": 555424,
        "heap": {
          "_": 555000,
          "total": 933732960,
          "min": 1160,
          "max": 439152,
          "avg": 1682.4017297297298
        }
      }
    },
    {
      "name": "1 thread → (10)",
      "stats": {
        "kind": "fn",
        "min": 1666,
        "max": 1256792,
        "p25": 1833,
        "p50": 2500,
        "p75": 4209,
        "p99": 8083,
        "p999": 27375,
        "avg": 3186.2407787383427,
        "ticks": 205666,
        "heap": {
          "_": 205518,
          "total": 1393505096,
          "min": 2112,
          "max": 209096,
          "avg": 6780.452787590381
        }
      }
    },
    {
      "name": "1 thread → (100)",
      "stats": {
        "kind": "fn",
        "min": 14375,
        "max": 310250,
        "p25": 15375,
        "p50": 30125,
        "p75": 39375,
        "p99": 62500,
        "p999": 129458,
        "avg": 28329.90289483327,
        "ticks": 24561,
        "heap": {
          "_": 24500,
          "total": 1266928040,
          "min": 14496,
          "max": 319272,
          "avg": 51711.34857142857
        }
      }
    },
    {
      "name": "1 thread → (1000)",
      "stats": {
        "kind": "fn",
        "min": 161667,
        "max": 758250,
        "p25": 167000,
        "p50": 199792,
        "p75": 379333,
        "p99": 524625,
        "p999": 677375,
        "avg": 269331.8603308965,
        "ticks": 2599,
        "heap": {
          "_": 2583,
          "total": 1287303240,
          "min": 206528,
          "max": 727296,
          "avg": 498375.2380952381
        }
      }
    }
  ],
  "worker": [
    {
      "name": "1 thread → (1)",
      "stats": {
        "kind": "fn",
        "min": 10913.26904296875,
        "max": 11171.427490234375,
        "p25": 10921.244140625,
        "p50": 10953.776123046875,
        "p75": 11060.760498046875,
        "p99": 11167.124267578125,
        "p999": 11167.124267578125,
        "avg": 11002.25742594401,
        "ticks": 49152,
        "heap": {
          "_": 14,
          "total": 21732.328125,
          "min": 1454.205078125,
          "max": 1686.396484375,
          "avg": 1552.3091517857142
        }
      }
    },
    {
      "name": "1 thread → (10)",
      "stats": {
        "kind": "fn",
        "min": 23363.138916015625,
        "max": 24268.9716796875,
        "p25": 23796.244140625,
        "p50": 23938.618896484375,
        "p75": 24156.89086914016,
        "p99": 24230.1025390625,
        "p999": 24230.1025390625,
        "avg": 23965.147216796835,
        "ticks": 49152,
        "heap": {
          "_": 9,
          "total": 31389.455078125,
          "min": 1894.392578125,
          "max": 4396.330078125,
          "avg": 3487.717230902778
        }
      }
    },
    {
      "name": "1 thread → (100)",
      "stats": {
        "kind": "fn",
        "min": 114917,
        "max": 2987042,
        "p25": 129625,
        "p50": 142834,
        "p75": 160500,
        "p99": 304500,
        "p999": 2043291,
        "avg": 156299.67959641255,
        "ticks": 4460,
        "heap": {
          "_": 4450,
          "total": 460005904,
          "min": 56408,
          "max": 331976,
          "avg": 103372.11325842697
        }
      }
    },
    {
      "name": "1 thread → (1000)",
      "stats": {
        "kind": "fn",
        "min": 1125416,
        "max": 3791333,
        "p25": 1211542,
        "p50": 1268750,
        "p75": 1384125,
        "p99": 3555916,
        "p999": 3782833,
        "avg": 1336707.425,
        "ticks": 520,
        "heap": {
          "_": 513,
          "total": 509031352,
          "min": 991776,
          "max": 999536,
          "avg": 992263.8440545809
        }
      }
    }
  ]
}
