{
  "knitting": [
    {
      "name": "1 thread → (1)",
      "stats": {
        "kind": "fn",
        "min": 375,
        "max": 2274542,
        "p25": 1416,
        "p50": 1458,
        "p75": 1583,
        "p99": 3334,
        "p999": 30458,
        "avg": 1640.8808964251605,
        "ticks": 213604,
        "heap": {
          "_": 213608,
          "total": 133120000,
          "min": 0,
          "max": 606208,
          "avg": 623.1976330474514
        }
      }
    },
    {
      "name": "1 thread → (10)",
      "stats": {
        "kind": "fn",
        "min": 1730.8349609375,
        "max": 2778.2490234375,
        "p25": 1804.290771484375,
        "p50": 1853.02734375,
        "p75": 1894.8974609375,
        "p99": 2741.88232421875,
        "p999": 2741.88232421875,
        "avg": 1908.0230854832848,
        "ticks": 352256,
        "heap": {
          "_": 90,
          "total": 280,
          "min": 0,
          "max": 108,
          "avg": 3.111111111111111
        }
      }
    },
    {
      "name": "1 thread → (100)",
      "stats": {
        "kind": "fn",
        "min": 16608.68310546875,
        "max": 18559.02099609375,
        "p25": 17036.1533203125,
        "p50": 17217.631103515625,
        "p75": 17639.9638671875,
        "p99": 18557.97314453125,
        "p999": 18557.97314453125,
        "avg": 17467.286885579426,
        "ticks": 49152,
        "heap": {
          "_": 12,
          "total": 3968,
          "min": 0,
          "max": 2316,
          "avg": 330.6666666666667
        }
      }
    },
    {
      "name": "1 thread → (1000)",
      "stats": {
        "kind": "fn",
        "min": 147958,
        "max": 602375,
        "p25": 170541,
        "p50": 175667,
        "p75": 204875,
        "p99": 238208,
        "p999": 579250,
        "avg": 188903.94256299105,
        "ticks": 3691,
        "heap": {
          "_": 3695,
          "total": 3145728,
          "min": 0,
          "max": 376832,
          "avg": 851.3472259810554
        }
      }
    }
  ],
  "worker": [
    {
      "name": "1 thread → (1)",
      "stats": {
        "kind": "fn",
        "min": 5959,
        "max": 349958,
        "p25": 9208,
        "p50": 10250,
        "p75": 10916,
        "p99": 16833,
        "p999": 88708,
        "avg": 10494.977781063995,
        "ticks": 54098,
        "heap": {
          "_": 54102,
          "total": 5488640,
          "min": 0,
          "max": 32768,
          "avg": 101.44985397952017
        }
      }
    },
    {
      "name": "1 thread → (10)",
      "stats": {
        "kind": "fn",
        "min": 21258.443115234375,
        "max": 22167.521240234375,
        "p25": 21525.146484375,
        "p50": 21850.270751953125,
        "p75": 21942.921875,
        "p99": 22066.213134765625,
        "p999": 22066.213134765625,
        "avg": 21802.163045247395,
        "ticks": 49152,
        "heap": {
          "_": 12,
          "total": 1912,
          "min": 20,
          "max": 672,
          "avg": 159.33333333333334
        }
      }
    },
    {
      "name": "1 thread → (100)",
      "stats": {
        "kind": "fn",
        "min": 119500,
        "max": 1210000,
        "p25": 143333,
        "p50": 150875,
        "p75": 172584,
        "p99": 628166,
        "p999": 1039000,
        "avg": 170014.21745525865,
        "ticks": 4079,
        "heap": {
          "_": 4083,
          "total": 16842752,
          "min": 0,
          "max": 49152,
          "avg": 4125.092334068087
        }
      }
    },
    {
      "name": "1 thread → (1000)",
      "stats": {
        "kind": "fn",
        "min": 1238583,
        "max": 2491417,
        "p25": 1365292,
        "p50": 1383459,
        "p75": 1439792,
        "p99": 2273708,
        "p999": 2444958,
        "avg": 1455888.319415449,
        "ticks": 479,
        "heap": {
          "_": 483,
          "total": 7405568,
          "min": 0,
          "max": 212992,
          "avg": 15332.438923395444
        }
      }
    }
  ]
}
