{
  "knitting": [
    {
      "name": "1 thread → (1)",
      "stats": {
        "kind": "fn",
        "min": 1842.793701171875,
        "max": 2098.429443359375,
        "p25": 1863.474609375,
        "p50": 1877.74658203125,
        "p75": 1935.455322265625,
        "p99": 2068.4306640625,
        "p999": 2068.4306640625,
        "avg": 1907.6976459209736,
        "ticks": 212992,
        "heap": {
          "_": 56,
          "total": 46660,
          "min": 0,
          "max": 3404,
          "avg": 833.2142857142857
        }
      }
    },
    {
      "name": "1 thread → (25)",
      "stats": {
        "kind": "fn",
        "min": 9822.672607421875,
        "max": 10090.9423828125,
        "p25": 9942.830322265625,
        "p50": 9953.226806640625,
        "p75": 9998.10791015625,
        "p99": 10063.8935546875,
        "p999": 10063.8935546875,
        "avg": 9968.350394112724,
        "ticks": 57344,
        "heap": {
          "_": 18,
          "total": 492,
          "min": 0,
          "max": 316,
          "avg": 27.333333333333332
        }
      }
    },
    {
      "name": "1 thread → (50)",
      "stats": {
        "kind": "fn",
        "min": 17642.68994140625,
        "max": 18715.555908203125,
        "p25": 17710.205078125,
        "p50": 17929.931640625,
        "p75": 18154.388427734375,
        "p99": 18484.55810546875,
        "p999": 18484.55810546875,
        "avg": 18023.646036783855,
        "ticks": 49152,
        "heap": {
          "_": 12,
          "total": 1108,
          "min": 0,
          "max": 848,
          "avg": 92.33333333333333
        }
      }
    }
  ]
}
{
  "websocket": [
    {
      "name": "local → (1)",
      "stats": {
        "kind": "fn",
        "min": 8208,
        "max": 324708,
        "p25": 17458,
        "p50": 17959,
        "p75": 20000,
        "p99": 57333,
        "p999": 229750,
        "avg": 20008.14377182771,
        "ticks": 30924,
        "heap": {
          "_": 30928,
          "total": 16384,
          "min": 0,
          "max": 16384,
          "avg": 0.5297465080186239
        }
      }
    },
    {
      "name": "local → (25)",
      "stats": {
        "kind": "fn",
        "min": 52583,
        "max": 373583,
        "p25": 60625,
        "p50": 64041,
        "p75": 69417,
        "p99": 93208,
        "p999": 335542,
        "avg": 66106.86418794292,
        "ticks": 10301,
        "heap": {
          "_": 10305,
          "total": 0,
          "min": 0,
          "max": 0,
          "avg": 0
        }
      }
    },
    {
      "name": "local → (50)",
      "stats": {
        "kind": "fn",
        "min": 95750,
        "max": 449625,
        "p25": 105667,
        "p50": 111000,
        "p75": 118291,
        "p99": 153250,
        "p999": 415625,
        "avg": 114310.77514890801,
        "ticks": 6044,
        "heap": {
          "_": 6048,
          "total": 16384,
          "min": 0,
          "max": 16384,
          "avg": 2.708994708994709
        }
      }
    }
  ]
}
{
  "worker": [
    {
      "name": "postMessage → (1)",
      "stats": {
        "kind": "fn",
        "min": 7417,
        "max": 365000,
        "p25": 9541,
        "p50": 10417,
        "p75": 11708,
        "p99": 19500,
        "p999": 84167,
        "avg": 11132.49296149243,
        "ticks": 52639,
        "heap": {
          "_": 52643,
          "total": 49152,
          "min": 0,
          "max": 16384,
          "avg": 0.9336853902703114
        }
      }
    },
    {
      "name": "postMessage → (25)",
      "stats": {
        "kind": "fn",
        "min": 48750,
        "max": 1092083,
        "p25": 60916,
        "p50": 68125,
        "p75": 71792,
        "p99": 149834,
        "p999": 716375,
        "avg": 74024.55654342404,
        "ticks": 9223,
        "heap": {
          "_": 9227,
          "total": 2064384,
          "min": 0,
          "max": 32768,
          "avg": 223.73295762436328
        }
      }
    },
    {
      "name": "postMessage → (50)",
      "stats": {
        "kind": "fn",
        "min": 91500,
        "max": 1163292,
        "p25": 107000,
        "p50": 114208,
        "p75": 123958,
        "p99": 478375,
        "p999": 814792,
        "avg": 125852.92823315118,
        "ticks": 5490,
        "heap": {
          "_": 5494,
          "total": 3309568,
          "min": 0,
          "max": 65536,
          "avg": 602.3967965052785
        }
      }
    }
  ]
}
{
  "http": [
    {
      "name": "local → (1)",
      "stats": {
        "kind": "fn",
        "min": 30125,
        "max": 325750,
        "p25": 35167,
        "p50": 37709,
        "p75": 40167,
        "p99": 82667,
        "p999": 262166,
        "avg": 39904.144832166145,
        "ticks": 16564,
        "heap": {
          "_": 16568,
          "total": 425984,
          "min": 0,
          "max": 16384,
          "avg": 25.711250603573152
        }
      }
    },
    {
      "name": "local → (25)",
      "stats": {
        "kind": "fn",
        "min": 217500,
        "max": 586791,
        "p25": 244667,
        "p50": 252083,
        "p75": 264958,
        "p99": 490250,
        "p999": 567083,
        "avg": 263106.92078460957,
        "ticks": 2651,
        "heap": {
          "_": 2655,
          "total": 3129344,
          "min": 0,
          "max": 98304,
          "avg": 1178.6606403013184
        }
      }
    },
    {
      "name": "local → (50)",
      "stats": {
        "kind": "fn",
        "min": 436959,
        "max": 787209,
        "p25": 460000,
        "p50": 475167,
        "p75": 492667,
        "p99": 728250,
        "p999": 752375,
        "avg": 489727.6237762238,
        "ticks": 1430,
        "heap": {
          "_": 1434,
          "total": 573440,
          "min": 0,
          "max": 49152,
          "avg": 399.8884239888424
        }
      }
    }
  ]
}
