{
  "knitting": [
    {
      "name": "1 thread → (1)",
      "stats": {
        "kind": "fn",
        "min": 2164.581298828125,
        "max": 3616.424560546875,
        "p25": 2440.826416015625,
        "p50": 2654.47998046875,
        "p75": 2805.7353515625,
        "p99": 3592.28515625,
        "p999": 3592.28515625,
        "avg": 2679.9705996755824,
        "ticks": 241664,
        "heap": {
          "_": 63,
          "total": 46752,
          "min": 0,
          "max": 3264,
          "avg": 742.0952380952381
        }
      }
    },
    {
      "name": "1 thread → (25)",
      "stats": {
        "kind": "fn",
        "min": 13673.08544921875,
        "max": 16245.880126953125,
        "p25": 13953.4912109375,
        "p50": 14640.543701171875,
        "p75": 15163.614990234375,
        "p99": 15377.797607421875,
        "p999": 15377.797607421875,
        "avg": 14707.71201578776,
        "ticks": 49152,
        "heap": {
          "_": 12,
          "total": 2964,
          "min": 0,
          "max": 2784,
          "avg": 247
        }
      }
    },
    {
      "name": "1 thread → (50)",
      "stats": {
        "kind": "fn",
        "min": 24035.15625,
        "max": 28245.697021484375,
        "p25": 25444.620849609375,
        "p50": 26685.099365234375,
        "p75": 27319.020751953125,
        "p99": 27925.994873046875,
        "p999": 27925.994873046875,
        "avg": 26413.4267578125,
        "ticks": 49152,
        "heap": {
          "_": 12,
          "total": 640,
          "min": 0,
          "max": 412,
          "avg": 53.333333333333336
        }
      }
    }
  ]
}
{
  "websocket": [
    {
      "name": "local → (1)",
      "stats": {
        "kind": "fn",
        "min": 7958,
        "max": 359250,
        "p25": 17834,
        "p50": 19083,
        "p75": 22459,
        "p99": 66917,
        "p999": 248500,
        "avg": 22296.129010263405,
        "ticks": 27866,
        "heap": {
          "_": 27870,
          "total": 0,
          "min": 0,
          "max": 0,
          "avg": 0
        }
      }
    },
    {
      "name": "local → (25)",
      "stats": {
        "kind": "fn",
        "min": 50750,
        "max": 426834,
        "p25": 61791,
        "p50": 66625,
        "p75": 74625,
        "p99": 153708,
        "p999": 377167,
        "avg": 72421.16203259828,
        "ticks": 9387,
        "heap": {
          "_": 9391,
          "total": 0,
          "min": 0,
          "max": 0,
          "avg": 0
        }
      }
    },
    {
      "name": "local → (50)",
      "stats": {
        "kind": "fn",
        "min": 94833,
        "max": 545625,
        "p25": 110667,
        "p50": 120167,
        "p75": 133542,
        "p99": 229042,
        "p999": 498375,
        "avg": 128122.44179992563,
        "ticks": 5378,
        "heap": {
          "_": 5382,
          "total": 0,
          "min": 0,
          "max": 0,
          "avg": 0
        }
      }
    }
  ]
}
{
  "worker": [
    {
      "name": "postMessage → (1)",
      "stats": {
        "kind": "fn",
        "min": 7459,
        "max": 544541,
        "p25": 9583,
        "p50": 11084,
        "p75": 13833,
        "p99": 42667,
        "p999": 141041,
        "avg": 13191.862031893927,
        "ticks": 44648,
        "heap": {
          "_": 44652,
          "total": 49152,
          "min": 0,
          "max": 16384,
          "avg": 1.1007793603869926
        }
      }
    },
    {
      "name": "postMessage → (25)",
      "stats": {
        "kind": "fn",
        "min": 76906.73828125,
        "max": 81704.7626953125,
        "p25": 77953.34887695312,
        "p50": 78634.765625,
        "p75": 80070.46508789062,
        "p99": 81248.291015625,
        "p999": 81248.291015625,
        "avg": 79137.50286865234,
        "ticks": 49152,
        "heap": {
          "_": 12,
          "total": 2744,
          "min": 44,
          "max": 516,
          "avg": 228.66666666666666
        }
      }
    },
    {
      "name": "postMessage → (50)",
      "stats": {
        "kind": "fn",
        "min": 94625,
        "max": 1486000,
        "p25": 115250,
        "p50": 129667,
        "p75": 158791,
        "p99": 545250,
        "p999": 1163583,
        "avg": 149614.05648490114,
        "ticks": 4603,
        "heap": {
          "_": 4607,
          "total": 786432,
          "min": 0,
          "max": 16384,
          "avg": 170.7037117429998
        }
      }
    }
  ]
}
{
  "http": [
    {
      "name": "local → (1)",
      "stats": {
        "kind": "fn",
        "min": 29292,
        "max": 453958,
        "p25": 38041,
        "p50": 41042,
        "p75": 46375,
        "p99": 145416,
        "p999": 319625,
        "avg": 46851.497481018945,
        "ticks": 14093,
        "heap": {
          "_": 14097,
          "total": 311296,
          "min": 0,
          "max": 32768,
          "avg": 22.08242888557849
        }
      }
    },
    {
      "name": "local → (25)",
      "stats": {
        "kind": "fn",
        "min": 249292,
        "max": 718458,
        "p25": 297250,
        "p50": 365125,
        "p75": 413417,
        "p99": 595833,
        "p999": 708792,
        "avg": 363552.5573514077,
        "ticks": 1918,
        "heap": {
          "_": 1922,
          "total": 1802240,
          "min": 0,
          "max": 81920,
          "avg": 937.6899063475546
        }
      }
    },
    {
      "name": "local → (50)",
      "stats": {
        "kind": "fn",
        "min": 504542,
        "max": 1183708,
        "p25": 699334,
        "p50": 775917,
        "p75": 808458,
        "p99": 1041459,
        "p999": 1159500,
        "avg": 750577.657725322,
        "ticks": 932,
        "heap": {
          "_": 936,
          "total": 262144,
          "min": 0,
          "max": 49152,
          "avg": 280.0683760683761
        }
      }
    }
  ]
}
